first_name,last_name,ssn,email
Tina,Tina,,Tina
Erica,Erica,,Erica
Paula,Paula,,Paula
James,James,,James
Lauren,Lauren,,Lauren
David,David,,David
Andrew,Andrew,,Andrew
Julian,Julian,,Julian
Scott,Scott,,Scott
Billy,Billy,,Billy
Darrell,Darrell,,Darrell
David,David,,David
